{"MulticlassAccuracy":{"0":0.0460531637,"1":0.0460531637,"2":0.0460531637,"3":0.0460531637,"4":0.0460531637,"5":0.0460531637,"6":0.0460531637,"7":0.0460531637,"8":0.0460531637,"9":0.0460531637,"10":0.0460531637,"11":0.0460531637,"12":0.0460531637,"13":0.0460531637,"14":0.0460531637,"15":0.0460531637,"16":0.0460531637,"17":0.0460531637,"18":0.0460531637,"19":0.0460531637,"20":0.0460531637,"21":0.0460531637,"22":0.0460531637,"23":0.0460531637,"24":0.0460531637,"25":0.0460531637,"26":0.0460531637,"27":0.0460531637,"28":0.0460531637,"29":0.0460531637,"30":0.0460531637,"31":0.0460531637,"32":0.0460531637,"33":0.0460531637,"34":0.0460531637,"35":0.0460531637,"36":0.0460531637,"37":0.0460531637,"38":0.0460531637,"39":0.0460531637,"40":0.0460531637,"41":0.0460531637,"42":0.0460531637,"43":0.0460531637,"44":0.0460531637,"45":0.0460531637,"46":0.0460531637,"47":0.0460531637,"48":0.0460531637,"49":0.0460531637,"50":0.0460531637,"51":0.0460531637,"52":0.0460531637,"53":0.0460531637,"54":0.0460531637,"55":0.0460531637,"56":0.0460531637,"57":0.0460531637,"58":0.0460531637,"59":0.0460531637,"60":0.0460531637,"61":0.0460531637,"62":0.0460531637,"63":0.0460531637,"64":0.0460531637,"65":0.0460531637,"66":0.0460531637,"67":0.0460531637,"68":0.0460531637,"69":0.0460531637,"70":0.0460531637,"71":0.0460531637,"72":0.0460531637,"73":0.0460531637,"74":0.0460531637,"75":0.0460531637,"76":0.0460531637,"77":0.0460531637,"78":0.0460531637,"79":0.0460531637,"80":0.0460531637,"81":0.0460531637,"82":0.0460531637,"83":0.0460531637,"84":0.0460531637,"85":0.0460531637,"86":0.0460531637,"87":0.0460531637,"88":0.0460531637,"89":0.0460531637,"90":0.0460531637,"91":0.0460531637,"92":0.0460531637,"93":0.0460531637,"94":0.0460531637,"95":0.0460531637,"96":0.0460531637,"97":0.0460531637,"98":0.0460531637,"99":0.0460531637},"MulticlassPrecision":{"0":0.0460531637,"1":0.0460531637,"2":0.0460531637,"3":0.0460531637,"4":0.0460531637,"5":0.0460531637,"6":0.0460531637,"7":0.0460531637,"8":0.0460531637,"9":0.0460531637,"10":0.0460531637,"11":0.0460531637,"12":0.0460531637,"13":0.0460531637,"14":0.0460531637,"15":0.0460531637,"16":0.0460531637,"17":0.0460531637,"18":0.0460531637,"19":0.0460531637,"20":0.0460531637,"21":0.0460531637,"22":0.0460531637,"23":0.0460531637,"24":0.0460531637,"25":0.0460531637,"26":0.0460531637,"27":0.0460531637,"28":0.0460531637,"29":0.0460531637,"30":0.0460531637,"31":0.0460531637,"32":0.0460531637,"33":0.0460531637,"34":0.0460531637,"35":0.0460531637,"36":0.0460531637,"37":0.0460531637,"38":0.0460531637,"39":0.0460531637,"40":0.0460531637,"41":0.0460531637,"42":0.0460531637,"43":0.0460531637,"44":0.0460531637,"45":0.0460531637,"46":0.0460531637,"47":0.0460531637,"48":0.0460531637,"49":0.0460531637,"50":0.0460531637,"51":0.0460531637,"52":0.0460531637,"53":0.0460531637,"54":0.0460531637,"55":0.0460531637,"56":0.0460531637,"57":0.0460531637,"58":0.0460531637,"59":0.0460531637,"60":0.0460531637,"61":0.0460531637,"62":0.0460531637,"63":0.0460531637,"64":0.0460531637,"65":0.0460531637,"66":0.0460531637,"67":0.0460531637,"68":0.0460531637,"69":0.0460531637,"70":0.0460531637,"71":0.0460531637,"72":0.0460531637,"73":0.0460531637,"74":0.0460531637,"75":0.0460531637,"76":0.0460531637,"77":0.0460531637,"78":0.0460531637,"79":0.0460531637,"80":0.0460531637,"81":0.0460531637,"82":0.0460531637,"83":0.0460531637,"84":0.0460531637,"85":0.0460531637,"86":0.0460531637,"87":0.0460531637,"88":0.0460531637,"89":0.0460531637,"90":0.0460531637,"91":0.0460531637,"92":0.0460531637,"93":0.0460531637,"94":0.0460531637,"95":0.0460531637,"96":0.0460531637,"97":0.0460531637,"98":0.0460531637,"99":0.0460531637},"MulticlassRecall":{"0":0.0460531637,"1":0.0460531637,"2":0.0460531637,"3":0.0460531637,"4":0.0460531637,"5":0.0460531637,"6":0.0460531637,"7":0.0460531637,"8":0.0460531637,"9":0.0460531637,"10":0.0460531637,"11":0.0460531637,"12":0.0460531637,"13":0.0460531637,"14":0.0460531637,"15":0.0460531637,"16":0.0460531637,"17":0.0460531637,"18":0.0460531637,"19":0.0460531637,"20":0.0460531637,"21":0.0460531637,"22":0.0460531637,"23":0.0460531637,"24":0.0460531637,"25":0.0460531637,"26":0.0460531637,"27":0.0460531637,"28":0.0460531637,"29":0.0460531637,"30":0.0460531637,"31":0.0460531637,"32":0.0460531637,"33":0.0460531637,"34":0.0460531637,"35":0.0460531637,"36":0.0460531637,"37":0.0460531637,"38":0.0460531637,"39":0.0460531637,"40":0.0460531637,"41":0.0460531637,"42":0.0460531637,"43":0.0460531637,"44":0.0460531637,"45":0.0460531637,"46":0.0460531637,"47":0.0460531637,"48":0.0460531637,"49":0.0460531637,"50":0.0460531637,"51":0.0460531637,"52":0.0460531637,"53":0.0460531637,"54":0.0460531637,"55":0.0460531637,"56":0.0460531637,"57":0.0460531637,"58":0.0460531637,"59":0.0460531637,"60":0.0460531637,"61":0.0460531637,"62":0.0460531637,"63":0.0460531637,"64":0.0460531637,"65":0.0460531637,"66":0.0460531637,"67":0.0460531637,"68":0.0460531637,"69":0.0460531637,"70":0.0460531637,"71":0.0460531637,"72":0.0460531637,"73":0.0460531637,"74":0.0460531637,"75":0.0460531637,"76":0.0460531637,"77":0.0460531637,"78":0.0460531637,"79":0.0460531637,"80":0.0460531637,"81":0.0460531637,"82":0.0460531637,"83":0.0460531637,"84":0.0460531637,"85":0.0460531637,"86":0.0460531637,"87":0.0460531637,"88":0.0460531637,"89":0.0460531637,"90":0.0460531637,"91":0.0460531637,"92":0.0460531637,"93":0.0460531637,"94":0.0460531637,"95":0.0460531637,"96":0.0460531637,"97":0.0460531637,"98":0.0460531637,"99":0.0460531637},"MulticlassAUROC":{"0":0.3901337385,"1":0.3901337385,"2":0.3901337385,"3":0.3901337385,"4":0.3901337385,"5":0.3901337385,"6":0.3901337385,"7":0.3901337385,"8":0.3901337385,"9":0.3901337385,"10":0.3901337385,"11":0.3901337385,"12":0.3901337385,"13":0.3901337385,"14":0.3901337385,"15":0.3901337385,"16":0.3901337385,"17":0.3901337385,"18":0.3901337385,"19":0.3901337385,"20":0.3901337385,"21":0.3901337385,"22":0.3901337385,"23":0.3901337385,"24":0.3901337385,"25":0.3901337385,"26":0.3901337385,"27":0.3901337385,"28":0.3901337385,"29":0.3901337385,"30":0.3901337385,"31":0.3901337385,"32":0.3901337385,"33":0.3901337385,"34":0.3901337385,"35":0.3901337385,"36":0.3901337385,"37":0.3901337385,"38":0.3901337385,"39":0.3901337385,"40":0.3901337385,"41":0.3901337385,"42":0.3901337385,"43":0.3901337385,"44":0.3901337385,"45":0.3901337385,"46":0.3901337385,"47":0.3901337385,"48":0.3901337385,"49":0.3901337385,"50":0.3901337385,"51":0.3901337385,"52":0.3901337385,"53":0.3901337385,"54":0.3901337385,"55":0.3901337385,"56":0.3901337385,"57":0.3901337385,"58":0.3901337385,"59":0.3901337385,"60":0.3901337385,"61":0.3901337385,"62":0.3901337385,"63":0.3901337385,"64":0.3901337385,"65":0.3901337385,"66":0.3901337385,"67":0.3901337385,"68":0.3901337385,"69":0.3901337385,"70":0.3901337385,"71":0.3901337385,"72":0.3901337385,"73":0.3901337385,"74":0.3901337385,"75":0.3901337385,"76":0.3901337385,"77":0.3901337385,"78":0.3901337385,"79":0.3901337385,"80":0.3901337385,"81":0.3901337385,"82":0.3901337385,"83":0.3901337385,"84":0.3901337385,"85":0.3901337385,"86":0.3901337385,"87":0.3901337385,"88":0.3901337385,"89":0.3901337385,"90":0.3901337385,"91":0.3901337385,"92":0.3901337385,"93":0.3901337385,"94":0.3901337385,"95":0.3901337385,"96":0.3901337385,"97":0.3901337385,"98":0.3901337385,"99":0.3901337385},"MulticlassF1Score":{"0":0.0460531637,"1":0.0460531637,"2":0.0460531637,"3":0.0460531637,"4":0.0460531637,"5":0.0460531637,"6":0.0460531637,"7":0.0460531637,"8":0.0460531637,"9":0.0460531637,"10":0.0460531637,"11":0.0460531637,"12":0.0460531637,"13":0.0460531637,"14":0.0460531637,"15":0.0460531637,"16":0.0460531637,"17":0.0460531637,"18":0.0460531637,"19":0.0460531637,"20":0.0460531637,"21":0.0460531637,"22":0.0460531637,"23":0.0460531637,"24":0.0460531637,"25":0.0460531637,"26":0.0460531637,"27":0.0460531637,"28":0.0460531637,"29":0.0460531637,"30":0.0460531637,"31":0.0460531637,"32":0.0460531637,"33":0.0460531637,"34":0.0460531637,"35":0.0460531637,"36":0.0460531637,"37":0.0460531637,"38":0.0460531637,"39":0.0460531637,"40":0.0460531637,