{"MulticlassAccuracy":{"0":0.1041666642,"1":0.1041666642},"MulticlassPrecision":{"0":0.1041666642,"1":0.1041666642},"MulticlassRecall":{"0":0.1041666642,"1":0.1041666642},"MulticlassAUROC":{"0":0.3600471914,"1":0.3600471914},"MulticlassF1Score":{"0":0.1041666642,"1":0.1041666642}}