{"MulticlassAccuracy":{"0":[0.0621669069,0.1244851723,0.5965640545,0.9680373073,0.1230303049,0.4323861599,0.884914875]},"MulticlassPrecision":{"0":[0.4316666722,0.3537232876,0.4750494957,0.9529425502,0.1006349176,0.5627347827,0.7242719531]},"MulticlassRecall":{"0":[0.0621669069,0.1244851723,0.5965640545,0.9680373073,0.1230303049,0.4323861599,0.884914875]},"MulticlassAUROC":{"0":[0.9304305315,0.9182192683,0.9548713565,0.9876998067,0.6728517413,0.9261659384,0.9660657048]},"MulticlassF1Score":{"0":[0.1085069552,0.1837466061,0.5286070108,0.9604250789,0.1051505953,0.4883803427,0.7965500951]}}