,MulticlassAccuracy,Loss
0,0.29583332,0.01607041
1,0.32500002,0.01607041
