,MulticlassAccuracy,Loss
0,0.66875005,0.010729248
