{"MulticlassAccuracy":{"0":0.125,"1":0.125},"MulticlassPrecision":{"0":0.125,"1":0.125},"MulticlassRecall":{"0":0.125,"1":0.125},"MulticlassAUROC":{"0":0.3556019366,"1":0.3556019366},"MulticlassF1Score":{"0":0.125,"1":0.125}}