,MulticlassAccuracy,Loss
0,0.65412325,1.0066155
1,0.7538819,0.72442955
