,plane,car,bird,cat,deer,dog,frog,horse,ship,truck,backdoor_loss
0,0.8955732122587968,0.8871851040525739,0.6015712682379349,0.5737885462555066,0.6655555555555556,0.6591928251121076,0.830939226519337,0.7447045707915273,0.7995570321151716,0.904950495049505,0.7192920556959215
1,0.8637911464245176,0.9025191675794085,0.6790123456790124,0.5275330396475771,0.8566666666666667,0.7522421524663677,0.7944751381215469,0.7759197324414716,0.8604651162790697,0.9603960396039604,0.5972907756973099
