,plane,car,bird,cat,deer,dog,frog,horse,ship,truck,clean_data_loss
0,0.897,0.889,0.599,0.574,0.657,0.659,0.828,0.743,0.803,0.073,0.9959883680343627
1,0.857,0.906,0.68,0.528,0.859,0.745,0.79,0.775,0.862,0.544,0.7248909324645996
