,MulticlassAccuracy,Loss
0,0.097185016,0.009813367
