{"MulticlassAccuracy":{"0":[0.0,0.1333333403,0.0,0.7345454693,0.0,0.0,0.0190476198]},"MulticlassPrecision":{"0":[0.0,0.0050632912,0.0,0.4619642794,0.0,0.0,0.0799999982]},"MulticlassRecall":{"0":[0.0,0.1333333403,0.0,0.7345454693,0.0,0.0,0.0190476198]},"MulticlassAUROC":{"0":[0.3854560852,0.4108749032,0.6881602407,0.4794922769,0.4757894576,0.4224634171,0.5873718262]},"MulticlassF1Score":{"0":[0.0,0.0097560976,0.0,0.5654374361,0.0,0.0,0.0307692327]},"Loss":{"0":0.0140223308}}