{
    "MulticlassAccuracy": {
        "0": 0.6306482553,
        "1": 0.6967197657,
        "2": 0.7049661875,
        "3": 0.7139541507,
        "4": 0.7190510631,
        "5": 0.7204405069,
        "6": 0.7245180011,
        "7": 0.7241479158,
        "8": 0.7277611494,
        "9": 0.7256307602,
        "10": 0.7249830961,
        "11": 0.7277624011,
        "12": 0.7292432785,
        "13": 0.7275770307,
        "14": 0.7332283258,
        "15": 0.7289656401,
        "16": 0.7251688242,
        "17": 0.7334130406,
        "18": 0.7233160138,
        "19": 0.7373062968,
        "20": 0.7334132195,
        "21": 0.7354522943,
        "22": 0.7338764668,
        "23": 0.7285971642,
        "24": 0.7357293367,
        "25": 0.7304487228,
        "26": 0.7406404018,
        "27": 0.7387875915,
        "28": 0.7339695692,
        "29": 0.732951045,
        "30": 0.7415673137,
        "31": 0.7370279431,
        "32": 0.7377685308,
        "33": 0.7276682854,
        "34": 0.7359151244,
        "35": 0.738509655,
        "36": 0.7397146225,
        "37": 0.7273939848,
        "38": 0.7384174466,
        "39": 0.7323949933,
        "40": 0.7390657067,
        "41": 0.73739779,
        "42": 0.7335070372,
        "43": 0.7406405807,
        "44": 0.7316548228,
        "45": 0.7409194708,
        "46": 0.7427724004,
        "47": 0.7386023998,
        "48": 0.7395291924,
        "49": 0.7432355285,
        "50": 0.7432357073,
        "51": 0.7406417727,
        "52": 0.7402704954,
        "53": 0.7402693033,
        "54": 0.7425865531,
        "55": 0.7419387102,
        "56": 0.7397158146,
        "57": 0.7425877452,
        "58": 0.7424014807,
        "59": 0.7444398999,
        "60": 0.7334113121,
        "61": 0.7443467975,
        "62": 0.7432362437,
        "63": 0.7430496216,
        "64": 0.74481076,
        "65": 0.7477761507,
        "66": 0.7386029363,
        "67": 0.7336893678,
        "68": 0.7392516136,
        "69": 0.7459224463,
        "70": 0.7394378185,
        "71": 0.7408266068,
        "72": 0.7457375526,
        "73": 0.7355473042,
        "74": 0.7430510521,
        "75": 0.7468501329,
        "76": 0.7445332408,
        "77": 0.7409195304,
        "78": 0.7392529845,
        "79": 0.7465714812,
        "80": 0.7431420088,
        "81": 0.7431422472,
        "82": 0.7393442392,
        "83": 0.7372124791,
        "84": 0.7449034452,
        "85": 0.7393447161,
        "86": 0.7428651452,
        "87": 0.7434209585,
        "88": 0.7308192253,
        "89": 0.7382313013,
        "90": 0.745644629,
        "91": 0.7336915135,
        "92": 0.7399021387,
        "93": 0.7432351708,
        "94": 0.739345789,
        "95": 0.7410122752,
        "96": 0.7418452501,
        "97": 0.7340633869,
        "98": 0.7419376373,
        "99": 0.7437919378
    },
    "MulticlassPrecision": {
        "0": 0.6306482553,
        "1": 0.6967197657,
        "2": 0.7049661875,
        "3": 0.7139541507,
        "4": 0.7190510631,
        "5": 0.7204405069,
        "6": 0.7245180011,
        "7": 0.7241479158,
        "8": 0.7277611494,
        "9": 0.7256307602,
        "10": 0.7249830961,
        "11": 0.7277624011,
        "12": 0.7292432785,
        "13": 0.7275770307,
        "14": 0.7332283258,
        "15": 0.7289656401,
        "16": 0.7251688242,
        "17": 0.7334130406,
        "18": 0.7233160138,
        "19": 0.7373062968,
        "20": 0.7334132195,
        "21": 0.7354522943,
        "22": 0.7338764668,
        "23": 0.7285971642,
        "24": 0.7357293367,
        "25": 0.7304487228,
        "26": 0.7406404018,
        "27": 0.7387875915,
        "28": 0.7339695692,
        "29": 0.732951045,
        "30": 0.7415673137,
        "31": 0.7370279431,
        "32": 0.7377685308,
        "33": 0.7276682854,
        "34": 0.7359151244,
        "35": 0.738509655,
        "36": 0.7397146225,
        "37": 0.7273939848,
        "38": 0.7384174466,
        "39": 0.7323949933,
        "40": 0.7390657067,
        "41": 0.73739779,
        "42": 0.7335070372,
        "43": 0.7406405807,
        "44": 0.7316548228,
        "45": 0.7409194708,
        "46": 0.7427724004,
        "47": 0.7386023998,
        "48": 0.7395291924,
        "49": 0.7432355285,
        "50": 0.7432357073,
        "51": 0.7406417727,
        "52": 0.7402704954,
        "53": 0.7402693033,
        "54": 0.7425865531,
        "55": 0.7419387102,
        "56": 0.7397158146,
        "57": 0.7425877452,
        "58": 0.7424014807,
        "59": 0.7444398999,
        "60": 0.7334113121,
        "61": 0.7443467975,
        "62": 0.7432362437,
        "63": 0.7430496216,
        "64": 0.74481076,
        "65": 0.7477761507,
        "66": 0.7386029363,
        "67": 0.7336893678,
        "68": 0.7392516136,
        "69": 0.7459224463,
        "70": 0.7394378185,
        "71": 0.7408266068,
        "72": 0.7457375526,
        "73": 0.7355473042,
        "74": 0.7430510521,
        "75": 0.7468501329,
        "76": 0.7445332408,
        "77": 0.7409195304,
        "78": 0.7392529845,
        "79": 0.7465714812,
        "80": 0.7431420088,
        "81": 0.7431422472,
        "82": 0.7393442392,
        "83": 0.7372124791,
        "84": 0.7449034452,
        "85": 0.7393447161,
        "86": 0.7428651452,
        "87": 0.7434209585,
        "88": 0.7308192253,
        "89": 0.7382313013,
        "90": 0.745644629,
        "91": 0.7336915135,
        "92": 0.7399021387,
        "93": 0.7432351708,
        "94": 0.739345789,
        "95": 0.7410122752,
        "96": 0.7418452501,
        "97": 0.7340633869,
        "98": 0.7419376373,
        "99": 0.7437919378
    },
    "MulticlassRecall": {
        "0": 0.6306482553,
        "1": 0.6967197657,
        "2": 0.7049661875,
        "3": 0.7139541507,
        "4": 0.7190510631,
        "5": 0.7204405069,
        "6": 0.7245180011,
        "7": 0.7241479158,
        "8": 0.7277611494,
        "9": 0.7256307602,
        "10": 0.7249830961,
        "11": 0.7277624011,
        "12": 0.7292432785,
        "13": 0.7275770307,
        "14": 0.7332283258,
        "15": 0.7289656401,
        "16": 0.7251688242,
        "17": 0.7334130406,
        "18": 0.7233160138,
        "19": 0.7373062968,
        "20": 0.7334132195,
        "21": 0.7354522943,
        "22": 0.7338764668,
        "23": 0.7285971642,
        "24": 0.7357293367,
        "25": 0.7304487228,
        "26": 0.7406404018,
        "27": 0.7387875915,
        "28": 0.7339695692,
        "29": 0.732951045,
        "30": 0.7415673137,
        "31": 0.7370279431,
        "32": 0.7377685308,
        "33": 0.7276682854,
        "34": 0.7359151244,
        "35": 0.738509655,
        "36": 0.7397146225,
        "37": 0.7273939848,
        "38": 0.7384174466,
        "39": 0.7323949933,
        "40": 0.7390657067,
        "41": 0.73739779,
        "42": 0.7335070372,
        "43": 0.7406405807,
        "44": 0.7316548228,
        "45": 0.7409194708,
        "46": 0.7427724004,
        "47": 0.7386023998,
        "48": 0.7395291924,
        "49": 0.7432355285,
        "50": 0.7432357073,
        "51": 0.7406417727,
        "52": 0.7402704954,
        "53": 0.7402693033,
        "54": 0.7425865531,
        "55": 0.7419387102,
        "56": 0.7397158146,
        "57": 0.7425877452,
        "58": 0.7424014807,
        "59": 0.7444398999,
        "60": 0.7334113121,
        "61": 0.7443467975,
        "62": 0.7432362437,
        "63": 0.7430496216,
        "64": 0.74481076,
        "65": 0.7477761507,
        "66": 0.7386029363,
        "67": 0.7336893678,
        "68": 0.7392516136,
        "69": 0.7459224463,
        "70": 0.7394378185,
        "71": 0.7408266068,
        "72": 0.7457375526,
        "73": 0.7355473042,
        "74": 0.7430510521,
        "75": 0.7468501329,
        "76": 0.7445332408,
        "77": 0.7409195304,
        "78": 0.7392529845,
        "79": 0.7465714812,
        "80": 0.7431420088,
        "81": 0.7431422472,
        "82": 0.7393442392,
        "83": 0.7372124791,