{"MulticlassAccuracy":{"0":0.5545083284,"1":0.6672536135,"2":0.6929901838,"3":0.7009592056,"4":0.7094839215,"5":0.7135378122,"6":0.7151826024,"7":0.7178233862,"8":0.7193059325,"9":0.7211824656,"10":0.7219237089,"11":0.7241011858,"12":0.7252594829,"13":0.7246571183,"14":0.7282246351,"15":0.7271590233,"16":0.7299388647,"17":0.7282477617,"18":0.7315604091,"19":0.7289196253,"20":0.7318385243,"21":0.733182013,"22":0.7342475653,"23":0.7349194288,"24":0.7361007929,"25":0.7357765436,"26":0.7361007929,"27":0.7354985476,"28":0.737421155,"29":0.7378614545,"30":0.7382320762,"31":0.7395061255,"32":0.7413593531,"33":0.7410119176,"34":0.7419847846,"35":0.7418457866,"36":0.7417068481,"37":0.7427492142,"38":0.7439075708,"39":0.7456912398,"40":0.7447878122,"41":0.7452509999,"42":0.743675828,"43":0.7465484738,"44":0.7472896576,"45":0.7461082339,"46":0.7474981546,"47":0.7488648891,"48":0.7491659522,"49":0.7488185763,"50":0.7508339286,"51":0.7509498,"52":0.7505789995,"53":0.7525250316,"54":0.7522006035,"55":0.7525713444,"56":0.7528724074,"57":0.7540771365,"58":0.7536138296,"59":0.7561155558,"60":0.7548646927,"61":0.7566947341,"62":0.7576214671,"63":0.7590113282,"64":0.7583163381,"65":0.7591965795,"66":0.7601001263,"67":0.7611656785,"68":0.7610961795,"69":0.763204217,"70":0.7642467022,"71":0.765173316,"72":0.7644088268,"73":0.765265882,"74":0.7653586268,"75":0.7667486072,"76":0.766887486,"77":0.7700380087,"78":0.7660303116,"79":0.7689724565,"80":0.7710109949,"81":0.7729104757,"82":0.773211658,"83":0.7744857073,"84":0.7765706778,"85":0.7754123807,"86":0.777474165,"87":0.7791420221,"88":0.7803002596,"89":0.7807404399,"90":0.7827558517,"91":0.7835897207,"92":0.7838909626,"93":0.7846554518,"94":0.7879680395,"95":0.789357841,"96":0.7911881208,"97":0.7905162573,"98":0.7932264805,"99":0.795311451},"MulticlassPrecision":{"0":0.5545083284,"1":0.6672536135,"2":0.6929901838,"3":0.7009592056,"4":0.7094839215,"5":0.7135378122,"6":0.7151826024,"7":0.7178233862,"8":0.7193059325,"9":0.7211824656,"10":0.7219237089,"11":0.7241011858,"12":0.7252594829,"13":0.7246571183,"14":0.7282246351,"15":0.7271590233,"16":0.7299388647,"17":0.7282477617,"18":0.7315604091,"19":0.7289196253,"20":0.7318385243,"21":0.733182013,"22":0.7342475653,"23":0.7349194288,"24":0.7361007929,"25":0.7357765436,"26":0.7361007929,"27":0.7354985476,"28":0.737421155,"29":0.7378614545,"30":0.7382320762,"31":0.7395061255,"32":0.7413593531,"33":0.7410119176,"34":0.7419847846,"35":0.7418457866,"36":0.7417068481,"37":0.7427492142,"38":0.7439075708,"39":0.7456912398,"40":0.7447878122,"41":0.7452509999,"42":0.743675828,"43":0.7465484738,"44":0.7472896576,"45":0.7461082339,"46":0.7474981546,"47":0.7488648891,"48":0.7491659522,"49":0.7488185763,"50":0.7508339286,"51":0.7509498,"52":0.7505789995,"53":0.7525250316,"54":0.7522006035,"55":0.7525713444,"56":0.7528724074,"57":0.7540771365,"58":0.7536138296,"59":0.7561155558,"60":0.7548646927,"61":0.7566947341,"62":0.7576214671,"63":0.7590113282,"64":0.7583163381,"65":0.7591965795,"66":0.7601001263,"67":0.7611656785,"68":0.7610961795,"69":0.763204217,"70":0.7642467022,"71":0.765173316,"72":0.7644088268,"73":0.765265882,"74":0.7653586268,"75":0.7667486072,"76":0.766887486,"77":0.7700380087,"78":0.7660303116,"79":0.7689724565,"80":0.7710109949,"81":0.7729104757,"82":0.773211658,"83":0.7744857073,"84":0.7765706778,"85":0.7754123807,"86":0.777474165,"87":0.7791420221,"88":0.7803002596,"89":0.7807404399,"90":0.7827558517,"91":0.7835897207,"92":0.7838909626,"93":0.7846554518,"94":0.7879680395,"95":0.789357841,"96":0.7911881208,"97":0.7905162573,"98":0.7932264805,"99":0.795311451},"MulticlassRecall":{"0":0.5545083284,"1":0.6672536135,"2":0.6929901838,"3":0.7009592056,"4":0.7094839215,"5":0.7135378122,"6":0.7151826024,"7":0.7178233862,"8":0.7193059325,"9":0.7211824656,"10":0.7219237089,"11":0.7241011858,"12":0.7252594829,"13":0.7246571183,"14":0.7282246351,"15":0.7271590233,"16":0.7299388647,"17":0.7282477617,"18":0.7315604091,"19":0.7289196253,"20":0.7318385243,"21":0.733182013,"22":0.7342475653,"23":0.7349194288,"24":0.7361007929,"25":0.7357765436,"26":0.7361007929,"27":0.7354985476,"28":0.737421155,"29":0.7378614545,"30":0.7382320762,"31":0.7395061255,"32":0.7413593531,"33":0.7410119176,"34":0.7419847846,"35":0.7418457866,"36":0.7417068481,"37":0.7427492142,"38":0.7439075708,"39":0.7456912398,"40":0.7447878122,"41":0.7452509999,"42":0.743675828,"43":0.7465484738,"44":0.7472896576,"45":0.7461082339,"46":0.7474981546,"47":0.7488648891,"48":0.7491659522,"49":0.7488185763,"50":0.7508339286,"51":0.7509498,"52":0.7505789995,"53":0.7525250316,"54":0.7522006035,"55":0.7525713444,"56":0.7528724074,"57":0.7540771365,"58":0.7536138296,"59":0.7561155558,"60":0.7548646927,"61":0.7566947341,"62":0.7576214671,"63":0.7590113282,"64":0.7583163381,"65":0.7591965795,"66":0.7601001263,"67":0.7611656785,"68":0.7610961795,"69":0.763204217,"70":0.7642467022,"71":0.765173316,"72":0.7644088268,"73":0.765265882,"74":0.7653586268,"75":0.7667486072,"76":0.766887486,"77":0.7700380087,"78":0.7660303116,"79":0.7689724565,"80":0.7710109949,"81":0.7729104757,"82":0.773211658,"83":0.7744857073,"84":0.7765706778,"85":0.7754123807,"86":0.777474165,"87":0.7791420221,"88":0.7803002596,"89":0.7807404399,"90":0.7827558517,"91":0.7835897207,"92":0.7838909626,"93":0.7846554518,"94":0.7879680395,"95":0.789357841,"96":0.7911881208,"97":0.7905162573,"98":0.7932264805,"99":0.795311451},"MulticlassAUROC":{"0":0.666503787,"1":0.8131284714,"2":0.8307708502,"3":0.8390453458,"4":0.8430059552,"5":0.8464721441,"6":0.8496097326,"7":0.8520027399,"8":0.851655364,"9":0.8576617241,"10":0.8597232103,"11":0.8601132631,"12":0.8610172272,"13":0.8638507128,"14":0.865306735,"15":0.8658972979,"16":0.8678609133,"17":0.8684782982,"18":0.8694666028,"19":0.8701502681,"20":0.8721585274,"21":0.8724096417,"22":0.8741638064,"23":0.875090003,"24":0.8750885725,"25":0.8765400052,"26":0.8772387505,"27":0.8773565292,"28":0.8790121078,"29":0.8802990913,"30":0.8807301521,"31":0.8831977844,"32":0.8834584951,"33":0.8829562068,"34":0.8855358362,"35":0.884138763,"36":0.8847824931,"37":0.8857340813,"38":0.8858355284,"39":0.8875525594,"40":0.8884425163,"41":0.8880731463,"42":0.8887069821,"43":0.8901554942,"44":0.8894361258,"45":0.8912315369,"46":0.8916903734,"47":0.8938333392,"48":0.8925536275,"49":0.8932718039,"50":0.8943909407,"51":0.894735992,"52":0.8952748179,"53":0.8963518143,"54":0.8968554735,"55":0.8970569372,"56":0.898457408,"57":0.8981077075,"58":0.8983820081,"59":0.8999937773,"60":0.9012069702,"61":0.9015601873,"62":0.9018371701,"63":0.9027191401,"64":0.9031044245,"65":0.9046605825,"66":0.9052169919,"67":0.904355526,"68":0.9057143331,"69":0.906783402,"70":0.9050455093,"71":0.9079262614,"72":0.9069811702,"73":0.9068485498,"74":0.9088767767,"75":0.9087144136,"76":0.9094762802,"77":0.9109220505,"78":0.9125110507,"79":0.9115983844,"80":0.9124644995,"81":0.9140254259,"82":0.9153268933,"83":0.914434135,"84":0.9151573181,"85":0.9163810611,"86":0.9166647792,"87":0.9177268147,"88":0.9180366397,"89":0.9185637236,"90":0.9189711809,"91":0.9191387296,"92":0.9211032987,"93":0.9205245972,"94":0.9226785898,"95":0.9234426618,"96":0.9240928888,"97":0.9253767133,"98":0.9255301356,"99":0.9272226095},"MulticlassF1Score":{"0":0.5545083284,"1":0.6672536135,"2":0.6929901838,"3":0.7009592056,"4":0.7094839215,"5":0.7135378122,"6":0.7151826024,"7":0.7178233862,"8":0.7193059325,"9":0.7211824656,"10":0.7219237089,"11":0.7241011858,"12":0.7252594829,"13":0.7246571183,"14":0.7282246351,"15":0.7271590233,"16":0.7299388647,"17":0.7282477617,"18":0.7315604091,"19":0.7289196253,"20":0.7318385243,"21":0.733182013,"22":0.7342475653,"23":0.7349194288,"24":0.7361007929,"25":0.7357765436,"26":0.7361007929,"27":0.7354985476,"28":0.737421155,"29":0.7378614545,"30":0.7382320762,"31":0.7395061255,"32":0.7413593531,"33":0.7410119176,"34":0.7419847846,"35":0.7418457866,"36":0.7417068481,"37":0.7427492142,"38":0.7439075708,"39":0.7456912398,"40":0.7447878122,"41":0.7452509999,"42":0.743675828,"43":0.7465484738,