{"MulticlassAccuracy":{"0":0.554253459,"1":0.6673462987,"2":0.6939399838,"3":0.7015151381,"4":0.7091596723,"5":0.7137694359,"6":0.7154605985,"7":0.7185878158,"8":0.7207421064,"9":0.722132206,"10":0.7224333286,"11":0.7248656154,"12":0.7254911661,"13":0.7269736528,"14":0.7285953164,"15":0.7284330726,"16":0.7297303081,"17":0.7300314903,"18":0.7317225933,"19":0.7306801081,"20":0.7339928746,"21":0.7334831357,"22":0.734687686,"23":0.7343403101,"24":0.7364019156,"25":0.7355912328,"26":0.7365641594,"27":0.7361471653,"28":0.7373749018,"29":0.7380467653,"30":0.7389270663,"31":0.7402473688,"32":0.740316987,"33":0.7407107353,"34":0.7420079708,"35":0.7428187132,"36":0.7434674501,"37":0.7418690324,"38":0.7434210777,"39":0.7445330024,"40":0.7452047467,"41":0.7467336655,"42":0.7449499369,"43":0.7458534837,"44":0.7462008595,"45":0.7468959093,"46":0.7476140261,"47":0.7492355108,"48":0.7513204217,"49":0.7501158714,"50":0.7499305606,"51":0.7510887384,"52":0.7515057325,"53":0.7515057921,"54":0.7530115843,"55":0.7528957129,"56":0.7528261542,"57":0.754355073,"58":0.7531042099,"59":0.7571812868,"60":0.7558607459,"61":0.7570422292,"62":0.7565096021,"63":0.759706378,"64":0.7588723302,"65":0.7608181834,"66":0.7614668608,"67":0.7609804273,"68":0.7598685026,"69":0.7626947165,"70":0.7640382648,"71":0.7644551992,"72":0.7654976845,"73":0.7645710111,"74":0.7648026347,"75":0.7668180466,"76":0.7686713338,"77":0.7685091496,"78":0.7688798308,"79":0.770478189,"80":0.7711963654,"81":0.773420155,"82":0.7735823989,"83":0.7747870684,"84":0.7743467689,"85":0.7774511576,"86":0.7777058482,"87":0.7779606581,"88":0.7799991369,"89":0.7799760103,"90":0.7841922045,"91":0.7840067744,"92":0.7846323252,"93":0.7855125666,"94":0.7881997824,"95":0.7907015681,"96":0.7913270593,"97":0.7909101248,"98":0.7933887839,"99":0.7958675027},"MulticlassPrecision":{"0":0.554253459,"1":0.6673462987,"2":0.6939399838,"3":0.7015151381,"4":0.7091596723,"5":0.7137694359,"6":0.7154605985,"7":0.7185878158,"8":0.7207421064,"9":0.722132206,"10":0.7224333286,"11":0.7248656154,"12":0.7254911661,"13":0.7269736528,"14":0.7285953164,"15":0.7284330726,"16":0.7297303081,"17":0.7300314903,"18":0.7317225933,"19":0.7306801081,"20":0.7339928746,"21":0.7334831357,"22":0.734687686,"23":0.7343403101,"24":0.7364019156,"25":0.7355912328,"26":0.7365641594,"27":0.7361471653,"28":0.7373749018,"29":0.7380467653,"30":0.7389270663,"31":0.7402473688,"32":0.740316987,"33":0.7407107353,"34":0.7420079708,"35":0.7428187132,"36":0.7434674501,"37":0.7418690324,"38":0.7434210777,"39":0.7445330024,"40":0.7452047467,"41":0.7467336655,"42":0.7449499369,"43":0.7458534837,"44":0.7462008595,"45":0.7468959093,"46":0.7476140261,"47":0.7492355108,"48":0.7513204217,"49":0.7501158714,"50":0.7499305606,"51":0.7510887384,"52":0.7515057325,"53":0.7515057921,"54":0.7530115843,"55":0.7528957129,"56":0.7528261542,"57":0.754355073,"58":0.7531042099,"59":0.7571812868,"60":0.7558607459,"61":0.7570422292,"62":0.7565096021,"63":0.759706378,"64":0.7588723302,"65":0.7608181834,"66":0.7614668608,"67":0.7609804273,"68":0.7598685026,"69":0.7626947165,"70":0.7640382648,"71":0.7644551992,"72":0.7654976845,"73":0.7645710111,"74":0.7648026347,"75":0.7668180466,"76":0.7686713338,"77":0.7685091496,"78":0.7688798308,"79":0.770478189,"80":0.7711963654,"81":0.773420155,"82":0.7735823989,"83":0.7747870684,"84":0.7743467689,"85":0.7774511576,"86":0.7777058482,"87":0.7779606581,"88":0.7799991369,"89":0.7799760103,"90":0.7841922045,"91":0.7840067744,"92":0.7846323252,"93":0.7855125666,"94":0.7881997824,"95":0.7907015681,"96":0.7913270593,"97":0.7909101248,"98":0.7933887839,"99":0.7958675027},"MulticlassRecall":{"0":0.554253459,"1":0.6673462987,"2":0.6939399838,"3":0.7015151381,"4":0.7091596723,"5":0.7137694359,"6":0.7154605985,"7":0.7185878158,"8":0.7207421064,"9":0.722132206,"10":0.7224333286,"11":0.7248656154,"12":0.7254911661,"13":0.7269736528,"14":0.7285953164,"15":0.7284330726,"16":0.7297303081,"17":0.7300314903,"18":0.7317225933,"19":0.7306801081,"20":0.7339928746,"21":0.7334831357,"22":0.734687686,"23":0.7343403101,"24":0.7364019156,"25":0.7355912328,"26":0.7365641594,"27":0.7361471653,"28":0.7373749018,"29":0.7380467653,"30":0.7389270663,"31":0.7402473688,"32":0.740316987,"33":0.7407107353,"34":0.7420079708,"35":0.7428187132,"36":0.7434674501,"37":0.7418690324,"38":0.7434210777,"39":0.7445330024,"40":0.7452047467,"41":0.7467336655,"42":0.7449499369,"43":0.7458534837,"44":0.7462008595,"45":0.7468959093,"46":0.7476140261,"47":0.7492355108,"48":0.7513204217,"49":0.7501158714,"50":0.7499305606,"51":0.7510887384,"52":0.7515057325,"53":0.7515057921,"54":0.7530115843,"55":0.7528957129,"56":0.7528261542,"57":0.754355073,"58":0.7531042099,"59":0.7571812868,"60":0.7558607459,"61":0.7570422292,"62":0.7565096021,"63":0.759706378,"64":0.7588723302,"65":0.7608181834,"66":0.7614668608,"67":0.7609804273,"68":0.7598685026,"69":0.7626947165,"70":0.7640382648,"71":0.7644551992,"72":0.7654976845,"73":0.7645710111,"74":0.7648026347,"75":0.7668180466,"76":0.7686713338,"77":0.7685091496,"78":0.7688798308,"79":0.770478189,"80":0.7711963654,"81":0.773420155,"82":0.7735823989,"83":0.7747870684,"84":0.7743467689,"85":0.7774511576,"86":0.7777058482,"87":0.7779606581,"88":0.7799991369,"89":0.7799760103,"90":0.7841922045,"91":0.7840067744,"92":0.7846323252,"93":0.7855125666,"94":0.7881997824,"95":0.7907015681,"96":0.7913270593,"97":0.7909101248,"98":0.7933887839,"99":0.7958675027},"MulticlassAUROC":{"0":0.6653553247,"1":0.8135722876,"2":0.8308283091,"3":0.8386157155,"4":0.8426740766,"5":0.8476560712,"6":0.8501122594,"7":0.852801621,"8":0.8523894548,"9":0.8589399457,"10":0.8605148196,"11":0.8605205417,"12":0.8620737791,"13":0.864982605,"14":0.8659093976,"15":0.8669454455,"16":0.8693941832,"17":0.869861722,"18":0.8713424802,"19":0.8715470433,"20":0.8734462857,"21":0.8729183078,"22":0.8748083115,"23":0.8758006096,"24":0.876453042,"25":0.8769892454,"26":0.8781248331,"27":0.8792818189,"28":0.8789365888,"29":0.8811248541,"30":0.881313324,"31":0.8839899898,"32":0.8834126592,"33":0.8828312159,"34":0.8854354024,"35":0.884558022,"36":0.8859379888,"37":0.8863222003,"38":0.8865154386,"39":0.8871895075,"40":0.8882839084,"41":0.8877808452,"42":0.8889883757,"43":0.8899924159,"44":0.8897522092,"45":0.8917856216,"46":0.891397655,"47":0.8937404752,"48":0.8933194876,"49":0.8935785294,"50":0.8947911263,"51":0.8949322701,"52":0.8961309195,"53":0.8966861963,"54":0.8982557058,"55":0.8974736929,"56":0.8987825513,"57":0.8982852697,"58":0.8990800977,"59":0.9006298184,"60":0.9009046555,"61":0.9024194479,"62":0.9023477435,"63":0.9021872282,"64":0.9034093022,"65":0.9044889212,"66":0.9045146704,"67":0.9056230783,"68":0.9058982134,"69":0.9077045321,"70":0.9058739543,"71":0.9081961513,"72":0.9072299004,"73":0.9076991081,"74":0.9091852307,"75":0.9082981348,"76":0.9104124308,"77":0.9103981853,"78":0.9128590822,"79":0.9118782878,"80":0.9127515554,"81":0.9151172638,"82":0.9150382876,"83":0.9144784808,"84":0.914429009,"85":0.9169012308,"86":0.9166534543,"87":0.9179478884,"88":0.9192085266,"89":0.9181959033,"90":0.9196071625,"91":0.9210971594,"92":0.9209017754,"93":0.920547843,"94":0.9229614139,"95":0.9240600467,"96":0.9242183566,"97":0.9254778028,"98":0.9262483716,"99":0.9276283383},"MulticlassF1Score":{"0":0.554253459,"1":0.6673462987,"2":0.6939399838,"3":0.7015151381,"4":0.7091596723,"5":0.7137694359,"6":0.7154605985,"7":0.7185878158,"8":0.7207421064,"9":0.722132206,"10":0.7224333286,"11":0.7248656154,"12":0.7254911661,"13":0.7269736528,"14":0.7285953164,"15":0.7284330726,"16":0.7297303081,"17":0.7300314903,"18":0.7317225933,"19":0.7306801081,"20":0.7339928746,"21":0.7334831357,"22":0.734687686,"23":0.7343403101,"24":0.7364019156,"25":0.7355912328,"26":0.7365641594,"27":0.7361471653,"28":0.7373749018,"29":0.7380467653,"30":0.7389270663,"31":0.7402473688,"32":0.740316987,"33":0.7407107353,"34":0.7420079708,"35":0.7428187132,"36":0.7434674501,"37":0.7418690324,"38":0.7434210777,"39":0.7445330024,"40":0.7452047467,"41":0.7467336655,"42":0.7449499369,