{"MulticlassAccuracy":{"0":0.5950766802,"1":0.705563426,"2":0.7197058201,"3":0.7285424471,"4":0.7342774272,"5":0.7364233136,"6":0.7396224141,"7":0.7404806018,"8":0.7416900396,"9":0.7453963161,"10":0.7436212301,"11":0.7470349073,"12":0.7479127645,"13":0.7488490343,"14":0.7506046891,"15":0.7510338426,"16":0.7536867261,"17":0.7537648082,"18":0.7543500662,"19":0.7541159391,"20":0.7573150396,"21":0.7552083135,"22":0.7560665607,"23":0.756944418,"24":0.758446455,"25":0.759363234,"26":0.7577246428,"27":0.75987041,"28":0.7600849867,"29":0.7618016005,"30":0.7624258995,"31":0.7613528967,"32":0.7639864087,"33":0.7630305886,"34":0.7636547685,"35":0.765468955,"36":0.7640058994,"37":0.7658590674,"38":0.7656445503,"39":0.7671855688,"40":0.7668148875,"41":0.7684925199,"42":0.7682779431,"43":0.7682583928,"44":0.7682780027,"45":0.769292295,"46":0.7710283995,"47":0.7703456879,"48":0.7719062567,"49":0.7724523544,"50":0.7732717395,"51":0.7737008333,"52":0.7743836641,"53":0.7737983465,"54":0.774266541,"55":0.7749882936,"56":0.7756515145,"57":0.7769584656,"58":0.7763148546,"59":0.7767633796,"60":0.7782458663,"61":0.7788506746,"62":0.7808207273,"63":0.7798455358,"64":0.7808989286,"65":0.7813475728,"66":0.7830640674,"67":0.7850733995,"68":0.7863217592,"69":0.7867899537,"70":0.7861071825,"71":0.786614418,"72":0.7876288295,"73":0.7887210846,"74":0.7887406349,"75":0.7909059525,"76":0.7913155556,"77":0.7914520502,"78":0.7924469709,"79":0.7936564088,"80":0.7961142659,"81":0.7964263558,"82":0.7983185053,"83":0.7990403175,"84":0.7997230291,"85":0.8003473282,"86":0.8033903241,"87":0.8037804365,"88":0.804697156,"89":0.8064139485,"90":0.8090083003,"91":0.810315311,"92":0.8117782474,"93":0.8113101721,"94":0.8155236244,"95":0.8166550398,"96":0.8188788295,"97":0.8212000728,"98":0.8215122223,"99":0.8250623941},"MulticlassPrecision":{"0":0.5950766802,"1":0.705563426,"2":0.7197058201,"3":0.7285424471,"4":0.7342774272,"5":0.7364233136,"6":0.7396224141,"7":0.7404806018,"8":0.7416900396,"9":0.7453963161,"10":0.7436212301,"11":0.7470349073,"12":0.7479127645,"13":0.7488490343,"14":0.7506046891,"15":0.7510338426,"16":0.7536867261,"17":0.7537648082,"18":0.7543500662,"19":0.7541159391,"20":0.7573150396,"21":0.7552083135,"22":0.7560665607,"23":0.756944418,"24":0.758446455,"25":0.759363234,"26":0.7577246428,"27":0.75987041,"28":0.7600849867,"29":0.7618016005,"30":0.7624258995,"31":0.7613528967,"32":0.7639864087,"33":0.7630305886,"34":0.7636547685,"35":0.765468955,"36":0.7640058994,"37":0.7658590674,"38":0.7656445503,"39":0.7671855688,"40":0.7668148875,"41":0.7684925199,"42":0.7682779431,"43":0.7682583928,"44":0.7682780027,"45":0.769292295,"46":0.7710283995,"47":0.7703456879,"48":0.7719062567,"49":0.7724523544,"50":0.7732717395,"51":0.7737008333,"52":0.7743836641,"53":0.7737983465,"54":0.774266541,"55":0.7749882936,"56":0.7756515145,"57":0.7769584656,"58":0.7763148546,"59":0.7767633796,"60":0.7782458663,"61":0.7788506746,"62":0.7808207273,"63":0.7798455358,"64":0.7808989286,"65":0.7813475728,"66":0.7830640674,"67":0.7850733995,"68":0.7863217592,"69":0.7867899537,"70":0.7861071825,"71":0.786614418,"72":0.7876288295,"73":0.7887210846,"74":0.7887406349,"75":0.7909059525,"76":0.7913155556,"77":0.7914520502,"78":0.7924469709,"79":0.7936564088,"80":0.7961142659,"81":0.7964263558,"82":0.7983185053,"83":0.7990403175,"84":0.7997230291,"85":0.8003473282,"86":0.8033903241,"87":0.8037804365,"88":0.804697156,"89":0.8064139485,"90":0.8090083003,"91":0.810315311,"92":0.8117782474,"93":0.8113101721,"94":0.8155236244,"95":0.8166550398,"96":0.8188788295,"97":0.8212000728,"98":0.8215122223,"99":0.8250623941},"MulticlassRecall":{"0":0.5950766802,"1":0.705563426,"2":0.7197058201,"3":0.7285424471,"4":0.7342774272,"5":0.7364233136,"6":0.7396224141,"7":0.7404806018,"8":0.7416900396,"9":0.7453963161,"10":0.7436212301,"11":0.7470349073,"12":0.7479127645,"13":0.7488490343,"14":0.7506046891,"15":0.7510338426,"16":0.7536867261,"17":0.7537648082,"18":0.7543500662,"19":0.7541159391,"20":0.7573150396,"21":0.7552083135,"22":0.7560665607,"23":0.756944418,"24":0.758446455,"25":0.759363234,"26":0.7577246428,"27":0.75987041,"28":0.7600849867,"29":0.7618016005,"30":0.7624258995,"31":0.7613528967,"32":0.7639864087,"33":0.7630305886,"34":0.7636547685,"35":0.765468955,"36":0.7640058994,"37":0.7658590674,"38":0.7656445503,"39":0.7671855688,"40":0.7668148875,"41":0.7684925199,"42":0.7682779431,"43":0.7682583928,"44":0.7682780027,"45":0.769292295,"46":0.7710283995,"47":0.7703456879,"48":0.7719062567,"49":0.7724523544,"50":0.7732717395,"51":0.7737008333,"52":0.7743836641,"53":0.7737983465,"54":0.774266541,"55":0.7749882936,"56":0.7756515145,"57":0.7769584656,"58":0.7763148546,"59":0.7767633796,"60":0.7782458663,"61":0.7788506746,"62":0.7808207273,"63":0.7798455358,"64":0.7808989286,"65":0.7813475728,"66":0.7830640674,"67":0.7850733995,"68":0.7863217592,"69":0.7867899537,"70":0.7861071825,"71":0.786614418,"72":0.7876288295,"73":0.7887210846,"74":0.7887406349,"75":0.7909059525,"76":0.7913155556,"77":0.7914520502,"78":0.7924469709,"79":0.7936564088,"80":0.7961142659,"81":0.7964263558,"82":0.7983185053,"83":0.7990403175,"84":0.7997230291,"85":0.8003473282,"86":0.8033903241,"87":0.8037804365,"88":0.804697156,"89":0.8064139485,"90":0.8090083003,"91":0.810315311,"92":0.8117782474,"93":0.8113101721,"94":0.8155236244,"95":0.8166550398,"96":0.8188788295,"97":0.8212000728,"98":0.8215122223,"99":0.8250623941},"MulticlassAUROC":{"0":0.6921414137,"1":0.8315792084,"2":0.8477737308,"3":0.8524697423,"4":0.8567938805,"5":0.8606845737,"6":0.863380909,"7":0.8666690588,"8":0.8681662679,"9":0.870672822,"10":0.870722115,"11":0.8747766614,"12":0.8744865656,"13":0.8773311377,"14":0.878062427,"15":0.8790922165,"16":0.8803018332,"17":0.881752789,"18":0.8825204968,"19":0.8835398555,"20":0.8852223158,"21":0.885032773,"22":0.8866227865,"23":0.8868141174,"24":0.8894947171,"25":0.8894472122,"26":0.8894830942,"27":0.8897600174,"28":0.891482532,"29":0.892305851,"30":0.8924005628,"31":0.893283844,"32":0.8953552246,"33":0.8949148059,"34":0.89501369,"35":0.8970593214,"36":0.8966118693,"37":0.897836864,"38":0.8989171982,"39":0.898747623,"40":0.8995348811,"41":0.9009903073,"42":0.9007179141,"43":0.9026530981,"44":0.9025619626,"45":0.9025491476,"46":0.903208375,"47":0.9051061869,"48":0.9046313167,"49":0.9059733152,"50":0.9070404768,"51":0.9061430693,"52":0.9070838094,"53":0.9082342386,"54":0.9077677727,"55":0.9084424973,"56":0.9092634916,"57":0.9107853174,"58":0.9102447629,"59":0.9114685059,"60":0.9117478132,"61":0.9117083549,"62":0.9125086665,"63":0.9125893712,"64":0.9137871861,"65":0.9137860537,"66":0.9140073061,"67":0.9158299565,"68":0.9168613553,"69":0.9177519083,"70":0.9170559049,"71":0.918448627,"72":0.9182034731,"73":0.9178162813,"74":0.9193540812,"75":0.9202194214,"76":0.920896709,"77":0.9222314954,"78":0.9225388765,"79":0.9222709537,"80":0.9229264259,"81":0.9251528978,"82":0.9240840077,"83":0.9254849553,"84":0.9263456464,"85":0.9258785248,"86":0.928824544,"87":0.9296223521,"88":0.9282016754,"89":0.9298648834,"90":0.9309264421,"91":0.9316037297,"92":0.9327894449,"93":0.932176888,"94":0.932651341,"95":0.93338871,"96":0.9362036586,"97":0.9358824492,"98":0.9358052015,"99":0.9373291135},"MulticlassF1Score":{"0":0.5950766802,"1":0.705563426,"2":0.7197058201,"3":0.7285424471,"4":0.7342774272,"5":0.7364233136,"6":0.7396224141,"7":0.7404806018,"8":0.7416900396,"9":0.7453963161,"10":0.7436212301,"11":0.7470349073,"12":0.7479127645,"13":0.7488490343,"14":0.7506046891,"15":0.7510338426,"16":0.7536867261,"17":0.7537648082,"18":0.7543500662,"19":0.7541159391,"20":0.7573150396,"21":0.7552083135,"22":0.7560665607,"23":0.756944418,"24":0.758446455,"25":0.759363234,"26":0.7577246428,"27":0.75987041,"28":0.7600849867,"29":0.7618016005,"30":0.7624258995,"31":0.7613528967,"32":0.7639864087,"33":0.7630305886,"34":0.7636547685,"35":0.765468955,"36":0.7640058994,"37":0.7658590674,"38":0.7656445503,"39":0.7671855688,"40":0.7668148875,"41":0.7684925199,"42":0.7682779431,"43":0.7682583928,