{"MulticlassAccuracy":{"0":0.5807592273,"1":0.6941972971,"2":0.7105468512,"3":0.7196071148,"4":0.7256815434,"5":0.7303763628,"6":0.7317560911,"7":0.7321472168,"8":0.7350712419,"9":0.736656785,"10":0.7386130095,"11":0.7388806939,"12":0.7415575385,"13":0.7417015433,"14":0.7419075966,"15":0.7436784506,"16":0.7448933721,"17":0.7463553548,"18":0.7477350235,"19":0.7480437756,"20":0.749855876,"21":0.749196887,"22":0.7507823706,"23":0.7494646311,"24":0.7520797849,"25":0.7515031099,"26":0.7525327206,"27":0.7519356012,"28":0.7531710863,"29":0.7551478148,"30":0.7548390627,"31":0.7562597394,"32":0.7562392354,"33":0.7561979294,"34":0.7575157881,"35":0.7584630847,"36":0.7570010424,"37":0.7588748336,"38":0.7592867017,"39":0.7603574395,"40":0.7613458633,"41":0.7611811161,"42":0.7610781789,"43":0.7627459764,"44":0.7625401616,"45":0.7626019716,"46":0.763487339,"47":0.7640432119,"48":0.7656700015,"49":0.7656081915,"50":0.7666584253,"51":0.7650934458,"52":0.7669261694,"53":0.7680173516,"54":0.7686969042,"55":0.7688822746,"56":0.7703236938,"57":0.770447135,"58":0.7716208696,"59":0.7725886106,"60":0.7733300328,"61":0.772341609,"62":0.7740918994,"63":0.7749773264,"64":0.7760893106,"65":0.775142014,"66":0.7753891945,"67":0.7766658068,"68":0.7756773829,"69":0.7769747376,"70":0.7792602777,"71":0.7813400626,"72":0.7821019292,"73":0.7814223766,"74":0.7843462825,"75":0.7828432322,"76":0.7826784849,"77":0.7843052745,"78":0.7859113812,"79":0.7841609716,"80":0.7888146639,"81":0.7888970375,"82":0.7897412181,"83":0.7903796434,"84":0.7937566042,"85":0.7942919731,"86":0.7947243452,"87":0.7970306277,"88":0.7974218726,"89":0.7969894409,"90":0.7996045351,"91":0.8026521802,"92":0.8029403687,"93":0.805226028,"94":0.8051641583,"95":0.8060702085,"96":0.8082941771,"97":0.8111150861,"98":0.8116916418,"99":0.8139361143},"MulticlassPrecision":{"0":0.5807592273,"1":0.6941972971,"2":0.7105468512,"3":0.7196071148,"4":0.7256815434,"5":0.7303763628,"6":0.7317560911,"7":0.7321472168,"8":0.7350712419,"9":0.736656785,"10":0.7386130095,"11":0.7388806939,"12":0.7415575385,"13":0.7417015433,"14":0.7419075966,"15":0.7436784506,"16":0.7448933721,"17":0.7463553548,"18":0.7477350235,"19":0.7480437756,"20":0.749855876,"21":0.749196887,"22":0.7507823706,"23":0.7494646311,"24":0.7520797849,"25":0.7515031099,"26":0.7525327206,"27":0.7519356012,"28":0.7531710863,"29":0.7551478148,"30":0.7548390627,"31":0.7562597394,"32":0.7562392354,"33":0.7561979294,"34":0.7575157881,"35":0.7584630847,"36":0.7570010424,"37":0.7588748336,"38":0.7592867017,"39":0.7603574395,"40":0.7613458633,"41":0.7611811161,"42":0.7610781789,"43":0.7627459764,"44":0.7625401616,"45":0.7626019716,"46":0.763487339,"47":0.7640432119,"48":0.7656700015,"49":0.7656081915,"50":0.7666584253,"51":0.7650934458,"52":0.7669261694,"53":0.7680173516,"54":0.7686969042,"55":0.7688822746,"56":0.7703236938,"57":0.770447135,"58":0.7716208696,"59":0.7725886106,"60":0.7733300328,"61":0.772341609,"62":0.7740918994,"63":0.7749773264,"64":0.7760893106,"65":0.775142014,"66":0.7753891945,"67":0.7766658068,"68":0.7756773829,"69":0.7769747376,"70":0.7792602777,"71":0.7813400626,"72":0.7821019292,"73":0.7814223766,"74":0.7843462825,"75":0.7828432322,"76":0.7826784849,"77":0.7843052745,"78":0.7859113812,"79":0.7841609716,"80":0.7888146639,"81":0.7888970375,"82":0.7897412181,"83":0.7903796434,"84":0.7937566042,"85":0.7942919731,"86":0.7947243452,"87":0.7970306277,"88":0.7974218726,"89":0.7969894409,"90":0.7996045351,"91":0.8026521802,"92":0.8029403687,"93":0.805226028,"94":0.8051641583,"95":0.8060702085,"96":0.8082941771,"97":0.8111150861,"98":0.8116916418,"99":0.8139361143},"MulticlassRecall":{"0":0.5807592273,"1":0.6941972971,"2":0.7105468512,"3":0.7196071148,"4":0.7256815434,"5":0.7303763628,"6":0.7317560911,"7":0.7321472168,"8":0.7350712419,"9":0.736656785,"10":0.7386130095,"11":0.7388806939,"12":0.7415575385,"13":0.7417015433,"14":0.7419075966,"15":0.7436784506,"16":0.7448933721,"17":0.7463553548,"18":0.7477350235,"19":0.7480437756,"20":0.749855876,"21":0.749196887,"22":0.7507823706,"23":0.7494646311,"24":0.7520797849,"25":0.7515031099,"26":0.7525327206,"27":0.7519356012,"28":0.7531710863,"29":0.7551478148,"30":0.7548390627,"31":0.7562597394,"32":0.7562392354,"33":0.7561979294,"34":0.7575157881,"35":0.7584630847,"36":0.7570010424,"37":0.7588748336,"38":0.7592867017,"39":0.7603574395,"40":0.7613458633,"41":0.7611811161,"42":0.7610781789,"43":0.7627459764,"44":0.7625401616,"45":0.7626019716,"46":0.763487339,"47":0.7640432119,"48":0.7656700015,"49":0.7656081915,"50":0.7666584253,"51":0.7650934458,"52":0.7669261694,"53":0.7680173516,"54":0.7686969042,"55":0.7688822746,"56":0.7703236938,"57":0.770447135,"58":0.7716208696,"59":0.7725886106,"60":0.7733300328,"61":0.772341609,"62":0.7740918994,"63":0.7749773264,"64":0.7760893106,"65":0.775142014,"66":0.7753891945,"67":0.7766658068,"68":0.7756773829,"69":0.7769747376,"70":0.7792602777,"71":0.7813400626,"72":0.7821019292,"73":0.7814223766,"74":0.7843462825,"75":0.7828432322,"76":0.7826784849,"77":0.7843052745,"78":0.7859113812,"79":0.7841609716,"80":0.7888146639,"81":0.7888970375,"82":0.7897412181,"83":0.7903796434,"84":0.7937566042,"85":0.7942919731,"86":0.7947243452,"87":0.7970306277,"88":0.7974218726,"89":0.7969894409,"90":0.7996045351,"91":0.8026521802,"92":0.8029403687,"93":0.805226028,"94":0.8051641583,"95":0.8060702085,"96":0.8082941771,"97":0.8111150861,"98":0.8116916418,"99":0.8139361143},"MulticlassAUROC":{"0":0.6882840395,"1":0.8257910609,"2":0.8429499865,"3":0.8483501673,"4":0.8539330363,"5":0.8573442698,"6":0.8606033325,"7":0.8624106646,"8":0.8653696775,"9":0.8680530787,"10":0.8693965673,"11":0.8711315393,"12":0.8733342886,"13":0.8726099133,"14":0.8755534887,"15":0.8758484721,"16":0.8773072958,"17":0.8794204593,"18":0.8800879717,"19":0.8823438883,"20":0.8830531836,"21":0.8835245371,"22":0.8846402168,"23":0.8849067688,"24":0.8868045807,"25":0.8860203028,"26":0.8886712193,"27":0.8889276385,"28":0.8893057108,"29":0.8909412622,"30":0.8910503387,"31":0.8930104971,"32":0.8922253847,"33":0.8931005597,"34":0.8939408064,"35":0.8937598467,"36":0.8941441774,"37":0.895986855,"38":0.8963356018,"39":0.8965080976,"40":0.8978234529,"41":0.8980512619,"42":0.8988659978,"43":0.8997231722,"44":0.9021345377,"45":0.9000800252,"46":0.9023009539,"47":0.9022430182,"48":0.9038282633,"49":0.9034131169,"50":0.9039446115,"51":0.9043084979,"52":0.9058318138,"53":0.9070115089,"54":0.9064248204,"55":0.9068568945,"56":0.9070779085,"57":0.9079710245,"58":0.9083361626,"59":0.9105189443,"60":0.9106734395,"61":0.9098677635,"62":0.9117120504,"63":0.9112606049,"64":0.9123298526,"65":0.9122225642,"66":0.913828969,"67":0.9141888618,"68":0.9144061208,"69":0.9152175784,"70":0.9155679941,"71":0.9170209169,"72":0.9171776772,"73":0.9172800183,"74":0.918487072,"75":0.9189531207,"76":0.9184781909,"77":0.9206572771,"78":0.9201091528,"79":0.9207559824,"80":0.9211990237,"81":0.9218649864,"82":0.9236081839,"83":0.9229475856,"84":0.9236165285,"85":0.9255782962,"86":0.9250256419,"87":0.9263345599,"88":0.9273605347,"89":0.9278517962,"90":0.9287187457,"91":0.9301255941,"92":0.9307748675,"93":0.9312707186,"94":0.9309414029,"95":0.9318806529,"96":0.9326394796,"97":0.9343272448,"98":0.9332832098,"99":0.9338860512},"MulticlassF1Score":{"0":0.5807592273,"1":0.6941972971,"2":0.7105468512,"3":0.7196071148,"4":0.7256815434,"5":0.7303763628,"6":0.7317560911,"7":0.7321472168,"8":0.7350712419,"9":0.736656785,"10":0.7386130095,"11":0.7388806939,"12":0.7415575385,"13":0.7417015433,"14":0.7419075966,"15":0.7436784506,"16":0.7448933721,"17":0.7463553548,"18":0.7477350235,"19":0.7480437756,"20":0.749855876,"21":0.749196887,"22":0.7507823706,"23":0.7494646311,"24":0.7520797849,"25":0.7515031099,"26":0.7525327206,"27":0.7519356012,"28":0.7531710863,"29":0.7551478148,"30":0.7548390627,"31":0.7562597394,"32":0.7562392354,"33":0.7561979294,"34":0.7575157881,"35":0.7584630847,"36":0.7570010424,"37":0.7588748336,"38":0.7592867017,"39":0.7603574395,"40":0.7613458633,"41":0.7611811161,