{"MulticlassAccuracy":{"0":[0.0,0.1555555612,0.0,0.8000000119,0.0,0.0,0.0196078438]},"MulticlassPrecision":{"0":[0.0,0.0194444451,0.0,0.0583333299,0.0,0.0,0.0500000007]},"MulticlassRecall":{"0":[0.0,0.1555555612,0.0,0.8000000119,0.0,0.0,0.0196078438]},"MulticlassAUROC":{"0":[0.0,0.5244755149,0.5686610341,0.3781484067,0.0,0.3955270946,0.4584268928]},"MulticlassF1Score":{"0":[0.0,0.0345679,0.0,0.1078771129,0.0,0.0,0.0281690154]}}