{"MulticlassAccuracy":{"0":0.580368042,"1":0.6937854886,"2":0.7102791667,"3":0.7200395465,"4":0.7262169719,"5":0.7306647897,"6":0.7312824726,"7":0.7323738337,"8":0.7355654836,"9":0.7371715307,"10":0.7381394506,"11":0.7394778132,"12":0.7428135872,"13":0.7412074804,"14":0.74264884,"15":0.7434312701,"16":0.7451815605,"17":0.7467466593,"18":0.7486410141,"19":0.7474260926,"20":0.748908639,"21":0.7504118681,"22":0.7516061068,"23":0.7502882481,"24":0.751853168,"25":0.7529445291,"26":0.7523885965,"27":0.7537888288,"28":0.753685832,"29":0.7552713156,"30":0.7553331256,"31":0.7557655573,"32":0.7559920549,"33":0.7564038038,"34":0.7575157881,"35":0.7585247755,"36":0.7570421696,"37":0.7591218948,"38":0.7595132589,"39":0.7602338791,"40":0.7603368163,"41":0.7605839968,"42":0.7621076703,"43":0.7613458633,"44":0.761634171,"45":0.7624166012,"46":0.7623547316,"47":0.7636520267,"48":0.7661847472,"49":0.7663701773,"50":0.7657729387,"51":0.7660612464,"52":0.768593967,"53":0.7692323327,"54":0.7682026625,"55":0.7689646482,"56":0.7696647644,"57":0.7704265118,"58":0.771517992,"59":0.7723209262,"60":0.772423923,"61":0.7720121145,"62":0.7744418979,"63":0.774338901,"64":0.7755950689,"65":0.7754715085,"66":0.7755539417,"67":0.7775306702,"68":0.7770570517,"69":0.7789926529,"70":0.7802692652,"71":0.7804752588,"72":0.7832550406,"73":0.7827401757,"74":0.7845110297,"75":0.7834402919,"76":0.7836462259,"77":0.7856848836,"78":0.7860966921,"79":0.7858495712,"80":0.7895559669,"81":0.7892471552,"82":0.7903796434,"83":0.7935712934,"84":0.7931389213,"85":0.7943125963,"86":0.7965570688,"87":0.797257185,"88":0.7991721034,"89":0.7980190516,"90":0.8009635806,"91":0.8034345508,"92":0.8047112226,"93":0.8059467077,"94":0.8066880107,"95":0.8089941144,"96":0.8082529306,"97":0.811753571,"98":0.8135243654,"99":0.8143479228},"MulticlassPrecision":{"0":0.580368042,"1":0.6937854886,"2":0.7102791667,"3":0.7200395465,"4":0.7262169719,"5":0.7306647897,"6":0.7312824726,"7":0.7323738337,"8":0.7355654836,"9":0.7371715307,"10":0.7381394506,"11":0.7394778132,"12":0.7428135872,"13":0.7412074804,"14":0.74264884,"15":0.7434312701,"16":0.7451815605,"17":0.7467466593,"18":0.7486410141,"19":0.7474260926,"20":0.748908639,"21":0.7504118681,"22":0.7516061068,"23":0.7502882481,"24":0.751853168,"25":0.7529445291,"26":0.7523885965,"27":0.7537888288,"28":0.753685832,"29":0.7552713156,"30":0.7553331256,"31":0.7557655573,"32":0.7559920549,"33":0.7564038038,"34":0.7575157881,"35":0.7585247755,"36":0.7570421696,"37":0.7591218948,"38":0.7595132589,"39":0.7602338791,"40":0.7603368163,"41":0.7605839968,"42":0.7621076703,"43":0.7613458633,"44":0.761634171,"45":0.7624166012,"46":0.7623547316,"47":0.7636520267,"48":0.7661847472,"49":0.7663701773,"50":0.7657729387,"51":0.7660612464,"52":0.768593967,"53":0.7692323327,"54":0.7682026625,"55":0.7689646482,"56":0.7696647644,"57":0.7704265118,"58":0.771517992,"59":0.7723209262,"60":0.772423923,"61":0.7720121145,"62":0.7744418979,"63":0.774338901,"64":0.7755950689,"65":0.7754715085,"66":0.7755539417,"67":0.7775306702,"68":0.7770570517,"69":0.7789926529,"70":0.7802692652,"71":0.7804752588,"72":0.7832550406,"73":0.7827401757,"74":0.7845110297,"75":0.7834402919,"76":0.7836462259,"77":0.7856848836,"78":0.7860966921,"79":0.7858495712,"80":0.7895559669,"81":0.7892471552,"82":0.7903796434,"83":0.7935712934,"84":0.7931389213,"85":0.7943125963,"86":0.7965570688,"87":0.797257185,"88":0.7991721034,"89":0.7980190516,"90":0.8009635806,"91":0.8034345508,"92":0.8047112226,"93":0.8059467077,"94":0.8066880107,"95":0.8089941144,"96":0.8082529306,"97":0.811753571,"98":0.8135243654,"99":0.8143479228},"MulticlassRecall":{"0":0.580368042,"1":0.6937854886,"2":0.7102791667,"3":0.7200395465,"4":0.7262169719,"5":0.7306647897,"6":0.7312824726,"7":0.7323738337,"8":0.7355654836,"9":0.7371715307,"10":0.7381394506,"11":0.7394778132,"12":0.7428135872,"13":0.7412074804,"14":0.74264884,"15":0.7434312701,"16":0.7451815605,"17":0.7467466593,"18":0.7486410141,"19":0.7474260926,"20":0.748908639,"21":0.7504118681,"22":0.7516061068,"23":0.7502882481,"24":0.751853168,"25":0.7529445291,"26":0.7523885965,"27":0.7537888288,"28":0.753685832,"29":0.7552713156,"30":0.7553331256,"31":0.7557655573,"32":0.7559920549,"33":0.7564038038,"34":0.7575157881,"35":0.7585247755,"36":0.7570421696,"37":0.7591218948,"38":0.7595132589,"39":0.7602338791,"40":0.7603368163,"41":0.7605839968,"42":0.7621076703,"43":0.7613458633,"44":0.761634171,"45":0.7624166012,"46":0.7623547316,"47":0.7636520267,"48":0.7661847472,"49":0.7663701773,"50":0.7657729387,"51":0.7660612464,"52":0.768593967,"53":0.7692323327,"54":0.7682026625,"55":0.7689646482,"56":0.7696647644,"57":0.7704265118,"58":0.771517992,"59":0.7723209262,"60":0.772423923,"61":0.7720121145,"62":0.7744418979,"63":0.774338901,"64":0.7755950689,"65":0.7754715085,"66":0.7755539417,"67":0.7775306702,"68":0.7770570517,"69":0.7789926529,"70":0.7802692652,"71":0.7804752588,"72":0.7832550406,"73":0.7827401757,"74":0.7845110297,"75":0.7834402919,"76":0.7836462259,"77":0.7856848836,"78":0.7860966921,"79":0.7858495712,"80":0.7895559669,"81":0.7892471552,"82":0.7903796434,"83":0.7935712934,"84":0.7931389213,"85":0.7943125963,"86":0.7965570688,"87":0.797257185,"88":0.7991721034,"89":0.7980190516,"90":0.8009635806,"91":0.8034345508,"92":0.8047112226,"93":0.8059467077,"94":0.8066880107,"95":0.8089941144,"96":0.8082529306,"97":0.811753571,"98":0.8135243654,"99":0.8143479228},"MulticlassAUROC":{"0":0.6876217723,"1":0.8253360987,"2":0.8433060646,"3":0.8482988477,"4":0.8541426659,"5":0.8576837778,"6":0.8604238629,"7":0.8626847267,"8":0.8661378622,"9":0.868165493,"10":0.869301796,"11":0.8708928823,"12":0.8740337491,"13":0.8739351034,"14":0.8764408231,"15":0.8767492175,"16":0.8782998323,"17":0.8793880343,"18":0.880382061,"19":0.8828129768,"20":0.8835201263,"21":0.8832588196,"22":0.885451436,"23":0.8864585161,"24":0.8876281977,"25":0.8872764707,"26":0.8890041113,"27":0.8898454905,"28":0.8902128935,"29":0.8908485174,"30":0.8916791081,"31":0.892903626,"32":0.8928815722,"33":0.8939121366,"34":0.8947683573,"35":0.8950465918,"36":0.8949480057,"37":0.8962546587,"38":0.8970712423,"39":0.8972791433,"40":0.8988927603,"41":0.8990494609,"42":0.899512589,"43":0.9002650976,"44":0.9020000696,"45":0.9003992081,"46":0.9017084241,"47":0.9030410647,"48":0.904050529,"49":0.9043823481,"50":0.9044765234,"51":0.9051415324,"52":0.9069183469,"53":0.9066365957,"54":0.9063106775,"55":0.9077590704,"56":0.9080404043,"57":0.9088261724,"58":0.9087600708,"59":0.9107376337,"60":0.9107069969,"61":0.9106804132,"62":0.9123888016,"63":0.9122056961,"64":0.9123512506,"65":0.9128297567,"66":0.914228797,"67":0.9139848948,"68":0.9148084521,"69":0.9154418707,"70":0.9157865644,"71":0.917702198,"72":0.9176051021,"73":0.9178234339,"74":0.9189193845,"75":0.9192941785,"76":0.9184572101,"77":0.9209429026,"78":0.9212777019,"79":0.9211509824,"80":0.9221733212,"81":0.9222668409,"82":0.9240967035,"83":0.9241864085,"84":0.9242273569,"85":0.9253255129,"86":0.9265193939,"87":0.9265493155,"88":0.9273351431,"89":0.9278076291,"90":0.929082036,"91":0.9301412702,"92":0.9313371778,"93":0.9318932295,"94":0.9324224591,"95":0.9334699512,"96":0.9331823587,"97":0.9341777563,"98":0.9356279373,"99":0.9358166456},"MulticlassF1Score":{"0":0.580368042,"1":0.6937854886,"2":0.7102791667,"3":0.7200395465,"4":0.7262169719,"5":0.7306647897,"6":0.7312824726,"7":0.7323738337,"8":0.7355654836,"9":0.7371715307,"10":0.7381394506,"11":0.7394778132,"12":0.7428135872,"13":0.7412074804,"14":0.74264884,"15":0.7434312701,"16":0.7451815605,"17":0.7467466593,"18":0.7486410141,"19":0.7474260926,"20":0.748908639,"21":0.7504118681,"22":0.7516061068,"23":0.7502882481,"24":0.751853168,"25":0.7529445291,"26":0.7523885965,"27":0.7537888288,"28":0.753685832,"29":0.7552713156,"30":0.7553331256,"31":0.7557655573,"32":0.7559920549,"33":0.7564038038,"34":0.7575157881,"35":0.7585247755,"36":0.7570421696,"37":0.7591218948,"38":0.7595132589,"39":0.7602338791,"40":0.7603368163,"41":0.7605839968,"42":0.7621076703,"43":0.7613458633,