{"MulticlassAccuracy":{"0":0.6496704221,"1":0.7032403946,"2":0.7233582139,"3":0.7244905233,"4":0.7300642133,"5":0.731518805,"6":0.7324882746,"7":0.7392747998,"8":0.7370131016,"9":0.7396791577,"10":0.741214633,"11":0.7432337999,"12":0.7441221476,"13":0.7446075678,"14":0.7384656668,"15":0.7396787405,"16":0.7468698025,"17":0.7435564995,"18":0.742264986,"19":0.7473540902,"20":0.745818913,"21":0.7452530861,"22":0.7501824498,"23":0.74662745,"24":0.7517172694,"25":0.7504242659,"26":0.7513939738,"27":0.7513130903,"28":0.7528483868,"29":0.750019908,"30":0.7530099154,"31":0.7414540052,"32":0.7450909615,"33":0.7503441572,"34":0.7442017198,"35":0.7489694357,"36":0.7534131408,"37":0.7544638515,"38":0.7447668314,"39":0.7464638948,"40":0.7118875384,"41":0.7536556721,"42":0.7531701922,"43":0.745574832,"44":0.7517172098,"45":0.751393795,"46":0.756483376,"47":0.7487260699,"48":0.7573717833,"49":0.7417762876,"50":0.7572106123,"51":0.7579373121,"52":0.7528473139,"53":0.7574535608,"54":0.7467871904,"55":0.7538986206,"56":0.7577759027,"57":0.7562407255,"58":0.7509890199,"59":0.7568063736,"60":0.7594732046,"61":0.7599579692,"62":0.7456555367,"63":0.7583422065,"64":0.7545436621,"65":0.7508262992,"66":0.7564027905,"67":0.7619777322,"68":0.7590690851,"69":0.7517966032,"70":0.7561610937,"71":0.7557555437,"72":0.7425845265,"73":0.7526860833,"74":0.7580191493,"75":0.759393096,"76":0.7590699792,"77":0.7630281448,"78":0.7583426237,"79":0.7591498494,"80":0.7575337291,"81":0.7565644383,"82":0.7568869591,"83":0.7487285137,"84":0.7583419681,"85":0.7582612038,"86":0.7539789081,"87":0.7570499182,"88":0.7555944324,"89":0.7469500303,"90":0.7336224318,"91":0.7440418005,"92":0.7519589067,"93":0.7498575449,"94":0.7558369637,"95":0.7435554266,"96":0.7553525567,"97":0.7490496635,"98":0.7531705499,"99":0.7525241971},"MulticlassPrecision":{"0":0.6496704221,"1":0.7032403946,"2":0.7233582139,"3":0.7244905233,"4":0.7300642133,"5":0.731518805,"6":0.7324882746,"7":0.7392747998,"8":0.7370131016,"9":0.7396791577,"10":0.741214633,"11":0.7432337999,"12":0.7441221476,"13":0.7446075678,"14":0.7384656668,"15":0.7396787405,"16":0.7468698025,"17":0.7435564995,"18":0.742264986,"19":0.7473540902,"20":0.745818913,"21":0.7452530861,"22":0.7501824498,"23":0.74662745,"24":0.7517172694,"25":0.7504242659,"26":0.7513939738,"27":0.7513130903,"28":0.7528483868,"29":0.750019908,"30":0.7530099154,"31":0.7414540052,"32":0.7450909615,"33":0.7503441572,"34":0.7442017198,"35":0.7489694357,"36":0.7534131408,"37":0.7544638515,"38":0.7447668314,"39":0.7464638948,"40":0.7118875384,"41":0.7536556721,"42":0.7531701922,"43":0.745574832,"44":0.7517172098,"45":0.751393795,"46":0.756483376,"47":0.7487260699,"48":0.7573717833,"49":0.7417762876,"50":0.7572106123,"51":0.7579373121,"52":0.7528473139,"53":0.7574535608,"54":0.7467871904,"55":0.7538986206,"56":0.7577759027,"57":0.7562407255,"58":0.7509890199,"59":0.7568063736,"60":0.7594732046,"61":0.7599579692,"62":0.7456555367,"63":0.7583422065,"64":0.7545436621,"65":0.7508262992,"66":0.7564027905,"67":0.7619777322,"68":0.7590690851,"69":0.7517966032,"70":0.7561610937,"71":0.7557555437,"72":0.7425845265,"73":0.7526860833,"74":0.7580191493,"75":0.759393096,"76":0.7590699792,"77":0.7630281448,"78":0.7583426237,"79":0.7591498494,"80":0.7575337291,"81":0.7565644383,"82":0.7568869591,"83":0.7487285137,"84":0.7583419681,"85":0.7582612038,"86":0.7539789081,"87":0.7570499182,"88":0.7555944324,"89":0.7469500303,"90":0.7336224318,"91":0.7440418005,"92":0.7519589067,"93":0.7498575449,"94":0.7558369637,"95":0.7435554266,"96":0.7553525567,"97":0.7490496635,"98":0.7531705499,"99":0.7525241971},"MulticlassRecall":{"0":0.6496704221,"1":0.7032403946,"2":0.7233582139,"3":0.7244905233,"4":0.7300642133,"5":0.731518805,"6":0.7324882746,"7":0.7392747998,"8":0.7370131016,"9":0.7396791577,"10":0.741214633,"11":0.7432337999,"12":0.7441221476,"13":0.7446075678,"14":0.7384656668,"15":0.7396787405,"16":0.7468698025,"17":0.7435564995,"18":0.742264986,"19":0.7473540902,"20":0.745818913,"21":0.7452530861,"22":0.7501824498,"23":0.74662745,"24":0.7517172694,"25":0.7504242659,"26":0.7513939738,"27":0.7513130903,"28":0.7528483868,"29":0.750019908,"30":0.7530099154,"31":0.7414540052,"32":0.7450909615,"33":0.7503441572,"34":0.7442017198,"35":0.7489694357,"36":0.7534131408,"37":0.7544638515,"38":0.7447668314,"39":0.7464638948,"40":0.7118875384,"41":0.7536556721,"42":0.7531701922,"43":0.745574832,"44":0.7517172098,"45":0.751393795,"46":0.756483376,"47":0.7487260699,"48":0.7573717833,"49":0.7417762876,"50":0.7572106123,"51":0.7579373121,"52":0.7528473139,"53":0.7574535608,"54":0.7467871904,"55":0.7538986206,"56":0.7577759027,"57":0.7562407255,"58":0.7509890199,"59":0.7568063736,"60":0.7594732046,"61":0.7599579692,"62":0.7456555367,"63":0.7583422065,"64":0.7545436621,"65":0.7508262992,"66":0.7564027905,"67":0.7619777322,"68":0.7590690851,"69":0.7517966032,"70":0.7561610937,"71":0.7557555437,"72":0.7425845265,"73":0.7526860833,"74":0.7580191493,"75":0.759393096,"76":0.7590699792,"77":0.7630281448,"78":0.7583426237,"79":0.7591498494,"80":0.7575337291,"81":0.7565644383,"82":0.7568869591,"83":0.7487285137,"84":0.7583419681,"85":0.7582612038,"86":0.7539789081,"87":0.7570499182,"88":0.7555944324,"89":0.7469500303,"90":0.7336224318,"91":0.7440418005,"92":0.7519589067,"93":0.7498575449,"94":0.7558369637,"95":0.7435554266,"96":0.7553525567,"97":0.7490496635,"98":0.7531705499,"99":0.7525241971},"MulticlassAUROC":{"0":0.8181796074,"1":0.8412668109,"2":0.8503057361,"3":0.851808846,"4":0.8565627337,"5":0.8559298515,"6":0.8595581055,"7":0.860511601,"8":0.8640089035,"9":0.8674894571,"10":0.8692492247,"11":0.8668473959,"12":0.8685680628,"13":0.8711978793,"14":0.8685398102,"15":0.8672894239,"16":0.8726987839,"17":0.8717525601,"18":0.8737695813,"19":0.8752796054,"20":0.8755792379,"21":0.8733857274,"22":0.8774855733,"23":0.8753376007,"24":0.8803288341,"25":0.8772616386,"26":0.8784376383,"27":0.8785614967,"28":0.8797463179,"29":0.8795056343,"30":0.8804761767,"31":0.8654147983,"32":0.8753535151,"33":0.882083118,"34":0.8756247759,"35":0.8797813654,"36":0.8851219416,"37":0.881093204,"38":0.8788539767,"39":0.8818669319,"40":0.8653775454,"41":0.8865087628,"42":0.8855360746,"43":0.8828418851,"44":0.8870493174,"45":0.8867993355,"46":0.8856018186,"47":0.8826975822,"48":0.8870859146,"49":0.8831512332,"50":0.8879219294,"51":0.8881404996,"52":0.8883764148,"53":0.8902255297,"54":0.8882204294,"55":0.8888325691,"56":0.8905737996,"57":0.8904210925,"58":0.8889082074,"59":0.8920122385,"60":0.8906715512,"61":0.8919584155,"62":0.8871811628,"63":0.890171051,"64":0.890674293,"65":0.8836240768,"66":0.8912400007,"67":0.8926666975,"68":0.8932902217,"69":0.8889365196,"70":0.8918630481,"71":0.8918529749,"72":0.8824261427,"73":0.8890691996,"74":0.8927815557,"75":0.8947632909,"76":0.8920826912,"77":0.8945194483,"78":0.893289566,"79":0.8956890106,"80":0.8923014402,"81":0.893748641,"82":0.8932211995,"83":0.892932117,"84":0.8932296038,"85":0.8947480321,"86":0.8929752111,"87":0.8934160471,"88":0.8930125237,"89":0.8917363286,"90":0.8796189427,"91":0.8852704167,"92":0.8906329274,"93":0.8915160894,"94":0.8945960999,"95":0.8789578676,"96":0.8934815526,"97":0.8929275274,"98":0.8879462481,"99":0.8951498866},"MulticlassF1Score":{"0":0.6496704221,"1":0.7032403946,"2":0.7233582139,"3":0.7244905233,"4":0.7300642133,"5":0.731518805,"6":0.7324882746,"7":0.7392747998,"8":0.7370131016,"9":0.7396791577,"10":0.741214633,"11":0.7432337999,"12":0.7441221476,"13":0.7446075678,"14":0.7384656668,"15":0.7396787405,"16":0.7468698025,"17":0.7435564995,"18":0.742264986,"19":0.7473540902,"20":0.745818913,"21":0.7452530861,"22":0.7501824498,"23":0.74662745,"24":0.7517172694,"25":0.7504242659,"26":0.7513939738,"27":0.7513130903,"28":0.7528483868,"29":0.750019908,"30":0.7530099154,"31":0.7414540052,"32":0.7450909615,"33":0.7503441572,"34":0.7442017198,"35":0.7489694357,"36":0.7534131408,"37":0.7544638515,"38":0.7447668314,"39":0.7464638948,"40":0.7118875384,"41":0.7536556721,"42":0.7531701922,