{"MulticlassAccuracy":{"0":0.5690191984,"1":0.6812435389,"2":0.7061284184,"3":0.7166317105,"4":0.7202472091,"5":0.724024415,"6":0.7256807089,"7":0.7286095023,"8":0.7319625616,"9":0.7340430617,"10":0.733820796,"11":0.734931767,"12":0.7371131778,"13":0.7380221486,"14":0.7411327958,"15":0.7409307957,"16":0.7419406772,"17":0.7427486181,"18":0.7443040013,"19":0.745212853,"20":0.745010972,"21":0.7456169128,"22":0.7466268539,"23":0.7479598522,"24":0.7490102649,"25":0.7490304708,"26":0.7497980595,"27":0.7508686185,"28":0.7502424121,"29":0.7524642944,"30":0.7519996762,"31":0.7518179417,"32":0.7527874708,"33":0.7526460886,"34":0.7538176179,"35":0.7543023229,"36":0.755312264,"37":0.7549082041,"38":0.7563424706,"39":0.7571908236,"40":0.757958293,"41":0.7580794096,"42":0.759311676,"43":0.760846734,"44":0.7592711449,"45":0.7608669996,"46":0.761331439,"47":0.7629675865,"48":0.7630079389,"49":0.764583528,"50":0.7620788813,"51":0.7642804384,"52":0.7641391158,"53":0.7654520273,"54":0.7664418221,"55":0.7667043805,"56":0.7667245269,"57":0.7673305273,"58":0.7689665556,"59":0.7696735859,"60":0.7701584101,"61":0.7699564099,"62":0.7703401446,"63":0.77143085,"64":0.7729660273,"65":0.774097085,"66":0.7746223211,"67":0.7749252319,"68":0.77488482,"69":0.7755716443,"70":0.7766623497,"71":0.7782378793,"72":0.7788235545,"73":0.7809243202,"74":0.7806012034,"75":0.7817322016,"76":0.7834491134,"77":0.7831662893,"78":0.7854689956,"79":0.7858123183,"80":0.7861961126,"81":0.7888825536,"82":0.7889834642,"83":0.7886199951,"84":0.791811347,"85":0.7917104363,"86":0.7950229645,"87":0.7960329652,"88":0.7977094054,"89":0.7973459959,"90":0.799628377,"91":0.8009815216,"92":0.8023955226,"93":0.8038295507,"94":0.8050819635,"95":0.8063141108,"96":0.8098891973,"97":0.8107174635,"98":0.8123737574,"99":0.8140097857},"MulticlassPrecision":{"0":0.5690191984,"1":0.6812435389,"2":0.7061284184,"3":0.7166317105,"4":0.7202472091,"5":0.724024415,"6":0.7256807089,"7":0.7286095023,"8":0.7319625616,"9":0.7340430617,"10":0.733820796,"11":0.734931767,"12":0.7371131778,"13":0.7380221486,"14":0.7411327958,"15":0.7409307957,"16":0.7419406772,"17":0.7427486181,"18":0.7443040013,"19":0.745212853,"20":0.745010972,"21":0.7456169128,"22":0.7466268539,"23":0.7479598522,"24":0.7490102649,"25":0.7490304708,"26":0.7497980595,"27":0.7508686185,"28":0.7502424121,"29":0.7524642944,"30":0.7519996762,"31":0.7518179417,"32":0.7527874708,"33":0.7526460886,"34":0.7538176179,"35":0.7543023229,"36":0.755312264,"37":0.7549082041,"38":0.7563424706,"39":0.7571908236,"40":0.757958293,"41":0.7580794096,"42":0.759311676,"43":0.760846734,"44":0.7592711449,"45":0.7608669996,"46":0.761331439,"47":0.7629675865,"48":0.7630079389,"49":0.764583528,"50":0.7620788813,"51":0.7642804384,"52":0.7641391158,"53":0.7654520273,"54":0.7664418221,"55":0.7667043805,"56":0.7667245269,"57":0.7673305273,"58":0.7689665556,"59":0.7696735859,"60":0.7701584101,"61":0.7699564099,"62":0.7703401446,"63":0.77143085,"64":0.7729660273,"65":0.774097085,"66":0.7746223211,"67":0.7749252319,"68":0.77488482,"69":0.7755716443,"70":0.7766623497,"71":0.7782378793,"72":0.7788235545,"73":0.7809243202,"74":0.7806012034,"75":0.7817322016,"76":0.7834491134,"77":0.7831662893,"78":0.7854689956,"79":0.7858123183,"80":0.7861961126,"81":0.7888825536,"82":0.7889834642,"83":0.7886199951,"84":0.791811347,"85":0.7917104363,"86":0.7950229645,"87":0.7960329652,"88":0.7977094054,"89":0.7973459959,"90":0.799628377,"91":0.8009815216,"92":0.8023955226,"93":0.8038295507,"94":0.8050819635,"95":0.8063141108,"96":0.8098891973,"97":0.8107174635,"98":0.8123737574,"99":0.8140097857},"MulticlassRecall":{"0":0.5690191984,"1":0.6812435389,"2":0.7061284184,"3":0.7166317105,"4":0.7202472091,"5":0.724024415,"6":0.7256807089,"7":0.7286095023,"8":0.7319625616,"9":0.7340430617,"10":0.733820796,"11":0.734931767,"12":0.7371131778,"13":0.7380221486,"14":0.7411327958,"15":0.7409307957,"16":0.7419406772,"17":0.7427486181,"18":0.7443040013,"19":0.745212853,"20":0.745010972,"21":0.7456169128,"22":0.7466268539,"23":0.7479598522,"24":0.7490102649,"25":0.7490304708,"26":0.7497980595,"27":0.7508686185,"28":0.7502424121,"29":0.7524642944,"30":0.7519996762,"31":0.7518179417,"32":0.7527874708,"33":0.7526460886,"34":0.7538176179,"35":0.7543023229,"36":0.755312264,"37":0.7549082041,"38":0.7563424706,"39":0.7571908236,"40":0.757958293,"41":0.7580794096,"42":0.759311676,"43":0.760846734,"44":0.7592711449,"45":0.7608669996,"46":0.761331439,"47":0.7629675865,"48":0.7630079389,"49":0.764583528,"50":0.7620788813,"51":0.7642804384,"52":0.7641391158,"53":0.7654520273,"54":0.7664418221,"55":0.7667043805,"56":0.7667245269,"57":0.7673305273,"58":0.7689665556,"59":0.7696735859,"60":0.7701584101,"61":0.7699564099,"62":0.7703401446,"63":0.77143085,"64":0.7729660273,"65":0.774097085,"66":0.7746223211,"67":0.7749252319,"68":0.77488482,"69":0.7755716443,"70":0.7766623497,"71":0.7782378793,"72":0.7788235545,"73":0.7809243202,"74":0.7806012034,"75":0.7817322016,"76":0.7834491134,"77":0.7831662893,"78":0.7854689956,"79":0.7858123183,"80":0.7861961126,"81":0.7888825536,"82":0.7889834642,"83":0.7886199951,"84":0.791811347,"85":0.7917104363,"86":0.7950229645,"87":0.7960329652,"88":0.7977094054,"89":0.7973459959,"90":0.799628377,"91":0.8009815216,"92":0.8023955226,"93":0.8038295507,"94":0.8050819635,"95":0.8063141108,"96":0.8098891973,"97":0.8107174635,"98":0.8123737574,"99":0.8140097857},"MulticlassAUROC":{"0":0.686819911,"1":0.8238198161,"2":0.8389336467,"3":0.845703721,"4":0.8489665985,"5":0.8527193069,"6":0.8554929495,"7":0.8561426997,"8":0.8621293902,"9":0.862701714,"10":0.8654854894,"11":0.8651701212,"12":0.8691310883,"13":0.8705431223,"14":0.8710790873,"15":0.87088269,"16":0.871905148,"17":0.8747153282,"18":0.8755677938,"19":0.8770416379,"20":0.8779555559,"21":0.8793321848,"22":0.8795847893,"23":0.8807368279,"24":0.8826104999,"25":0.8839974403,"26":0.8836172223,"27":0.8838715553,"28":0.8856964111,"29":0.8872674704,"30":0.8859713674,"31":0.8871825337,"32":0.8882986307,"33":0.8886333704,"34":0.8887796402,"35":0.8901391029,"36":0.8920516968,"37":0.8923686147,"38":0.8932145834,"39":0.8931750059,"40":0.8934569359,"41":0.895180881,"42":0.8953332901,"43":0.895409286,"44":0.8960174322,"45":0.8977701068,"46":0.898504138,"47":0.8984279633,"48":0.8994457126,"49":0.9005141258,"50":0.8991292715,"51":0.9006593823,"52":0.9018160105,"53":0.9010887146,"54":0.9018101692,"55":0.9030362368,"56":0.903619945,"57":0.903845787,"58":0.9046620131,"59":0.9058253169,"60":0.906395793,"61":0.9060440063,"62":0.9072347879,"63":0.9074186087,"64":0.9079396129,"65":0.9104758501,"66":0.9102523923,"67":0.910692513,"68":0.9117487669,"69":0.9118002653,"70":0.9131635427,"71":0.9121648669,"72":0.9138683081,"73":0.9133105278,"74":0.9138747454,"75":0.9149421453,"76":0.9164009094,"77":0.9157915115,"78":0.9182924032,"79":0.9186091423,"80":0.9191386104,"81":0.9195097089,"82":0.919778049,"83":0.9209082723,"84":0.9218742251,"85":0.9220511317,"86":0.9223020673,"87":0.9239491224,"88":0.9247698784,"89":0.9247416258,"90":0.9260621071,"91":0.9261752367,"92":0.927154243,"93":0.9280979037,"94":0.928589344,"95":0.9292545319,"96":0.9300844073,"97":0.9331058264,"98":0.9330042601,"99":0.9332762957},"MulticlassF1Score":{"0":0.5690191984,"1":0.6812435389,"2":0.7061284184,"3":0.7166317105,"4":0.7202472091,"5":0.724024415,"6":0.7256807089,"7":0.7286095023,"8":0.7319625616,"9":0.7340430617,"10":0.733820796,"11":0.734931767,"12":0.7371131778,"13":0.7380221486,"14":0.7411327958,"15":0.7409307957,"16":0.7419406772,"17":0.7427486181,"18":0.7443040013,"19":0.745212853,"20":0.745010972,"21":0.7456169128,"22":0.7466268539,"23":0.7479598522,"24":0.7490102649,"25":0.7490304708,"26":0.7497980595,"27":0.7508686185,"28":0.7502424121,"29":0.7524642944,"30":0.7519996762,"31":0.7518179417,"32":0.7527874708,"33":0.7526460886,"34":0.7538176179,"35":0.7543023229,"36":0.755312264,"37":0.7549082041,"38":0.7563424706,"39":0.7571908236,"40":0.757958293,"41":0.7580794096,"42":0.759311676,"43":0.760846734,"44":0.7592711449,